Subregion ID,JP,EN,FR,DE,IT,ES,ZH,KO
000,—,—,—,—,—,—,—,—
002,セント・ジョージ・バセテール,Saint George Basseterre,Saint George Basseterre,Saint George Basseterre,Saint George Basseterre,Saint George Basseterre,圣乔治巴斯特尔区,세인트조지바스테르,
003,クライスト・チャーチ・ニコラタウン,Christ Church Nichola Town,Christ Church Nichola Town,Christ Church Nichola Town,Christ Church Nichola Town,Christ Church Nichola Town,克赖斯特彻奇尼古拉镇区,크라이스트처치니콜라타운,
004,セント・アン・サンディ・ポイント,Saint Anne Sandy Point,Saint Anne Sandy Point,Saint Anne Sandy Point,Saint Anne Sandy Point,Saint Anne Sandy Point,圣安妮桑迪波因特区,세인트앤샌디포인트,
005,セント・ジョージ・ジンジャーランド,Saint George Gingerland,Saint George Gingerland,Saint George Gingerland,Saint George Gingerland,Saint George Gingerland,圣乔治金杰兰区,세인트조지진저랜드,
006,セント・ジェームズ・ウィンドワード,Saint James Windward,Saint James Windward,Saint James Windward,Saint James Windward,Saint James Windward,圣詹姆斯温德沃德区,세인트제임스윈드워드,
007,セント・ジョン・カピステール,Saint John Capesterre,Saint John Capesterre,Saint John Capisterre,Saint John Capisterre,Saint John Capesterre,圣约翰卡皮斯特尔区,세인트존카페스테르,
008,セント・ジョン・フィッグトリー,Saint John Figtree,Saint John Figtree,Saint John Figtree,Saint John Figtree,Saint John Figtree,圣约翰菲格特里区,세인트존피그트리,
009,セント・メリー・ケーヨン,Saint Mary Cayon,Saint Mary Cayon,Saint Mary Cayon,Saint Mary Cayon,Saint Mary Cayon,圣玛丽卡永区,세인트메리케이언,
010,セント・ポール・カピステール,Saint Paul Capesterre,Saint Paul Capesterre,Saint Paul Capisterre,Saint Paul Capisterre,Saint Paul Capesterre,圣保罗卡皮斯特尔区,세인트폴카페스테르,
011,セント・ポール・チャールズタウン,Saint Paul Charlestown,Saint Paul Charlestown,Saint Paul Charlestown,Saint Paul Charlestown,Saint Paul Charlestown,圣保罗查尔斯敦区,세인트폴찰스타운,
012,セント・ピーター・バセテール,Saint Peter Basseterre,Saint Peter Basseterre,Saint Peter Basseterre,Saint Peter Basseterre,Saint Peter Basseterre,圣彼得巴斯特尔区,세인트폴바스테르,
013,セント・トーマス・ロウランド,Saint Thomas Lowland,Saint Thomas Lowland,Saint Thomas Lowland,Saint Thomas Lowland,Saint Thomas Lowland,圣托马斯洛兰区,세인트토머스롤랜드,
014,セント・トーマス・ミドルアイランド,Saint Thomas Middle Island,Saint Thomas Middle Island,Saint Thomas Middle Island,Saint Thomas Middle Island,Saint Thomas Middle Island,圣托马斯米德尔艾兰区,세인트토머스미들아일랜드,
015,トリニティ・パルメット・ポイント,Trinity Palmetto Point,Trinity Palmetto Point,Trinity Palmetto Point,Trinity Palmetto Point,Trinity Palmetto Point,特里尼蒂帕尔梅托波因特区,트리니티팰머토포인트,